Participant ID code,Scaled education attainment index,z_education attainment,Scaled income,z_income,Self-efficacy rating,z_Self-efficacy rating,Hours of strength training per week,z_Hours of strength training,"Intervention (1 = placebo, 2 = treatment)",Job performance rating,z_Job performance rating,One-rep max for the deadlift in pounds,z_One-rep max,Loneliness 1 month prior,Loneliness at the time,Loneliness 1 month after,Loneliness 2 months after,Age,z_age,Gender
S001,2.441993633,0.9014351931,-0.312829208,-0.6004094594,37.27805604,1.233465026,5.46371648,-1.127747157,1,0.907913585,0.4826563992,317.662951,0.08278063666,27.47733971,19.42644672,28.87260278,25.44400156,29,-0.6541340362,female
S002,,,,,34.83913363,0.805792857,7.511528726,0.4007928265,1,0.4137502318,0.0334420123,369.6604818,1.05824161,44.00172549,35.54348294,10.24787618,35.40265154,32,-0.3753837367,male
S003,2.010054319,0.6022032008,1.1673665,0.7175897791,28.88468239,-0.238337563,,,1,2.109663469,1.575095436,367.5082219,1.017865741,25.55381841,17.72390287,32.34029017,24.28086629,48,1.111284527,male
S004,-1.105603688,-1.556212397,-0.944987028,-1.163296867,36.43043347,1.084831932,,,1,-2.369959058,-2.497061826,373.6232061,1.132581349,33.69232091,28.72943885,39.71157597,40.51428928,20,-1.490384935,female
S005,,,1.577102458,1.082427805,26.49556183,-0.6572768335,9.251069576,1.699231073,1,-0.11065711,-0.4432653781,329.0559033,0.2965096394,22.46975313,35.8404826,31.82683196,29.41410831,48,1.111284527,female
S006,-0.05692734,-0.8297272111,1.37697014,0.9042255303,,,,,1,-0.175424824,-0.5021418382,458.2338066,2.719855542,46.92182726,31.12962358,36.80713126,32.38961739,38,0.1821168624,female
S007,0.967315303,-0.1201688155,1.185881561,0.7340760019,39.01684807,1.538367288,6.94223432,-0.02414323104,1,0.7257626395,0.3170738549,,,26.79819383,27.51729461,36.71696903,13.34386588,46,0.9254509944,male
S008,0.761675322,-0.2626287843,0.675205863,0.2793589821,26.90722321,-0.5850908078,6.123563877,-0.635220007,,,,248.0778767,-1.222618355,35.87643185,39.16112771,54.13019541,36.68771533,33,-0.2824669702,male
S009,2.992893003,1.283078426,0.076132809,-0.254069013,31.2555228,0.1773962289,4.421499346,-1.905684961,1,0.9261933453,0.4992734374,230.8620551,-1.545582962,30.6262743,32.42134652,26.15672364,28.94240003,38,0.1821168624,male
S010,3.601440714,1.704658351,0.534935492,0.1544591184,27.73372707,-0.4401609403,6.763165298,-0.1578049766,,1.165033734,0.7163889683,279.5456821,-0.6322900132,15.61667931,0.4852878967,,14.36767302,45,0.8325342279,female
S011,-0.729068178,-1.295362164,-1.403155262,-1.571260071,31.10743469,0.1514285462,,,1,-2.081916565,-2.235219601,315.7267967,0.04645885607,36.99177472,35.67597789,36.58356113,43.15763542,21,-1.397468168,male
S012,1.551440359,0.284491975,3.301322604,2.617711841,33.50920997,0.5725868577,7.97173499,0.7443026753,1,1.607084796,1.118231184,392.1358697,1.479874396,29.6686317,31.09910103,41.66554831,48.97186429,35,-0.09663343717,female
S013,1.655375297,0.3564943549,1.657176895,1.153727868,26.87191776,-0.5912817214,7.771242958,0.5946502409,1,-0.988700733,-1.241442388,306.7389638,-0.1221506929,34.04025612,21.57034084,20.87428302,35.9413259,60,2.226285725,male
S014,2.459827074,0.9137895584,0.098016213,-0.2345835425,35.39503247,0.9032713417,5.597062511,-1.028214234,1,0.707465859,0.3004413446,,,39.16404616,34.47247311,27.13342654,27.2588562,24,-1.118717869,male
S015,0.75586919,-0.2666510633,-1.469395655,-1.630241993,25.4924596,-0.8331737387,9.101022318,1.587231922,1,,,303.5793943,-0.1814234446,21.45934648,,19.60070095,1.569540791,44,0.7396174614,female
S016,0.947406118,-0.1339611815,-0.036848191,-0.3546698127,23.21184408,-1.233086334,7.248668318,0.2045870243,1,0.550190928,0.1574720993,231.7747879,-1.528460316,21.55608118,22.95409956,26.18099226,27.51579538,30,-0.5612172697,female
S017,1.783998997,0.4456002194,1.279643461,0.8175636868,17.86169544,-2.171250526,7.961867541,0.7369373561,1,0.5374396892,0.1458807098,221.471597,-1.721745661,18.48412357,24.73497507,22.49083161,28.5045599,22,-1.304551402,male
S018,2.417382596,0.8843855535,-0.79177737,-1.026875574,27.4250807,-0.4942829832,8.563894948,1.186306171,1,0.039015954,-0.3072065359,323.9097674,0.1999693868,42.46994995,37.60377918,26.53379153,38.56686976,27,-0.8399675692,female
S019,3.358268497,1.536197402,,,36.53194125,1.102631619,8.12429598,0.8581781408,1,2.825648901,2.225955024,392.646641,1.489456341,29.02941413,21.79780848,27.40016994,,39,0.2750336289,female
S020,-1.480142427,-1.815679339,-0.52886883,-0.7927759524,31.15928111,0.1605199661,4.507780266,-1.841282652,1,-1.050830967,-1.297921273,245.4052501,-1.272756177,23.08519144,11.52284739,9.626294118,20.73420837,52,1.482951593,male
S021,3.894769883,1.90786623,0.440566847,0.07043117433,21.97497443,-1.449975039,8.051502753,0.8038433951,1,1.122758678,0.6779592399,260.457203,-0.9903852185,34.77648162,,44.09045485,30.57948727,52,1.482951593,female
S022,2.812959783,1.158427174,1.214136667,0.7592349779,32.02706852,0.3126890236,8.491422459,1.132210833,1,1.806468855,1.299479322,,,29.58355626,21.9074913,24.70390624,37.24135978,25,-1.025801102,male
S023,1.472068646,0.2295061123,0.058282857,-0.269963008,29.64006165,-0.1058796028,6.855402223,-0.08895695212,1,0.3032424145,-0.06701404349,333.0266322,0.3709995425,49.36252793,42.39379184,39.16187636,32.7471105,27,-0.8399675692,female
S024,0.277010879,-0.5983868461,0.683863334,0.2870677872,26.35728338,-0.681524364,8.200504437,0.9150621025,1,0.702998807,0.2963806145,275.5714723,-0.7068452186,26.58191582,21.24747505,35.79734223,12.95418305,40,0.3679503954,non-binary
S025,1.825763588,0.4745332231,1.412178555,0.9355758875,24.09051296,-1.079009178,6.69101179,-0.2116622203,1,2.522960095,1.950798711,283.3223174,-0.5614412577,,24.76627869,18.25952461,16.24936837,53,1.57586836,female
S026,0.35234317,-0.5461993494,-0.929253699,-1.149287561,24.3441438,-1.03453427,7.036976089,0.04657447413,1,-0.059518292,-0.3967781333,257.5482763,-1.044955972,30.49194689,37.13658946,,,20,-1.490384935,female
S027,1.359764157,0.1517056091,0.289885391,-0.06373895141,,,6.460361478,-0.3838255735,1,0.8971729344,0.4728927153,236.3357906,-1.442897021,29.28066027,36.93847554,42.31376383,43.68074051,18,-1.676218468,female
S028,,,0.478756892,0.1044364413,33.42015173,0.5569702355,,,1,,,293.8940981,-0.3631172364,35.413157,32.99981513,37.71380625,44.56619775,29,-0.6541340362,female
S029,-0.016373324,-0.8016328501,-0.182633912,-0.4844806669,37.08723366,1.200003765,5.530015155,-1.078260113,1,-0.627789946,-0.9133599498,314.1470569,0.01682332302,30.06301371,,44.62692004,,34,-0.1895502037,male
S030,1.654100939,0.3556115255,1.97503083,1.436752094,30.81151755,0.09953861061,8.595604885,1.209975288,1,,,366.0893009,0.991247129,,35.92169176,,34.29854454,45,0.8325342279,male
S031,2.477599033,0.9261013312,-0.120405816,-0.4290713838,,,7.868158159,0.666990252,1,1.359342102,0.8930230994,394.5981897,1.526066917,34.55277062,23.58394577,37.500851,,27,-0.8399675692,male
S032,0.412794414,-0.5043209058,,,24.99151295,-0.9210161989,5.974496492,-0.7464877558,1,1.655206202,1.16197548,246.6294613,-1.249790273,43.16969013,43.92642322,37.38245054,37.35608827,19,-1.583301701,female
S033,0.044565393,-0.7594167028,0.060893949,-0.2676380335,32.26256813,0.3539845693,8.542099327,1.170037357,1,-0.326996409,-0.6399265124,368.9775286,1.045429574,20.4574879,,,,37,0.08920009585,male
S034,-1.438613963,-1.786909916,-0.114960658,-0.4242228938,,,8.148156051,0.8759879143,1,0.5226235744,0.1324122648,361.5712347,0.9064893107,16.78239902,21.54588584,24.13822647,20.18606348,41,0.4608671619,female
S035,1.651879448,0.3540725566,0.795383728,0.3863680308,,,7.996903965,0.763089449,1,0.2079100125,-0.1536750358,285.7545005,-0.5158140968,30.70099786,16.57033465,6.025018701,3.937613886,35,-0.09663343717,female
S036,1.495223967,0.2455472843,-0.914950404,-1.136551588,33.00342029,0.4838951588,7.117468051,0.1066557545,1,1.7167775,1.217946269,330.4574513,0.3228023362,21.45476786,19.24290704,38.96509519,43.17052122,55,1.761701893,female
S037,1.776155827,0.4401667538,0.882651393,0.4640731041,24.31180083,-1.040205704,5.496170336,-1.103522761,,2.081759643,1.549729734,228.8413477,-1.583490938,18.52492448,14.66165396,17.74282682,,56,1.854618659,female
S038,,,0.426313869,0.05774000515,24.91132583,-0.9350772444,8.017748244,0.7786481574,1,,,300.5095623,-0.2390127427,41.36189867,40.00335333,29.30560353,39.86396418,42,0.5537839284,non-binary
S039,2.230737253,0.7550843854,1.313770232,0.8479509241,42.10809192,2.080425928,7.808952517,0.6227976305,1,0.166023432,-0.1917516241,488.3883567,3.285547534,32.50939553,34.16692993,34.24095693,41.31875847,33,-0.2824669702,male
S040,0.94071858,-0.1385940668,-1.0254059,-1.234903623,18.07523882,-2.133805071,8.313720567,0.9995695477,1,1.645134522,1.152819918,243.0763872,-1.316445075,,27.88583922,38.91445056,34.62632612,25,-1.025801102,female
S041,-0.75268025,-1.311719756,-1.280468987,-1.462017478,28.93266468,-0.2299237279,6.37008777,-0.4512082027,1,-2.022259496,-2.180988923,247.7174543,-1.229379791,31.32937294,22.34571355,23.54754757,22.55677698,36,-0.00371667066,male
S042,-1.289860291,-1.683858732,-0.489595616,-0.7578062076,29.54316225,-0.1228711968,7.163636382,0.1411169897,1,1.563451769,1.078567005,318.7087881,0.1024002857,39.20978141,26.43640543,30.43279011,32.20314709,29,-0.6541340362,female
S043,-0.366239206,-1.044007326,,,35.99441864,1.008375458,7.592625068,0.461325232,1,-0.532369697,-0.8266191011,396.0520072,1.553340178,44.19728424,41.55274068,35.51604564,40.83412218,49,1.204201294,female
S044,-0.423204292,-1.083470685,-2.080157896,-2.174078301,27.32280652,-0.5122170601,6.952047245,-0.01681860998,1,-0.74230738,-1.017460909,,,31.14013423,,35.76582399,26.60965716,27,-0.8399675692,female
S045,1.148756831,0.005527337059,0.467560503,0.09446692707,,,5.570384026,-1.048127744,1,2.105737675,1.571526731,274.8152573,-0.7210316277,32.18727294,26.91792759,19.54642241,24.88138626,43,0.6467006949,non-binary
S046,2.649019936,1.044855556,1.016470182,0.5832283354,40.29258397,1.762071304,7.890956746,0.6840077063,1,1.687388807,1.191230764,447.7488976,2.523161211,36.1758914,30.84959903,38.62060683,23.57567681,27,-0.8399675692,male
S047,1.910113954,0.5329681172,-0.528830636,-0.7927419436,32.3628824,0.3715749702,8.711146058,1.296218206,1,,,374.4869148,1.148784315,32.43915396,36.4498389,42.33741152,,50,1.29711806,female
S048,-0.566862164,-1.182991682,1.346729199,0.8772983226,,,6.949268165,-0.01889298712,1,,,352.4607058,0.7355780144,45.92672235,35.43185892,40.78298698,39.30895109,22,-1.304551402,male
S049,0.428968132,-0.4931163368,0.579706404,0.194324136,20.57059121,-1.696237741,,,,0.9402417605,0.5120440125,252.1185129,-1.146817007,24.46047459,5.074062966,17.6450206,14.08647865,24,-1.118717869,male
S050,0.57484334,-0.3920592491,0.28539106,-0.06774080387,26.44785813,-0.6656418161,6.069722594,-0.675408532,1,1.609697334,1.120606086,244.0594438,-1.298003173,27.38274484,19.82802661,31.8563819,12.31933076,60,2.226285725,female
S051,-1.457535515,-1.800018085,0.134910496,-0.2017320509,27.57094255,-0.468705683,5.171037677,-1.34621018,1,-1.283459269,-1.509389767,225.2855214,-1.650197371,33.81546272,37.81378577,27.09622314,25.39179901,41,0.4608671619,female
S052,-0.311027763,-1.005758828,0.299306577,-0.05535011749,36.48176465,1.093833005,5.712139043,-0.9423181363,1,-0.932614693,-1.190457919,328.4984003,0.2860510185,43.67378859,49.45557946,49.42780836,33.85548933,25,-1.025801102,female
S053,2.869568436,1.197643609,0.321746639,-0.0353689863,24.70889529,-0.9705740308,7.900887709,0.6914204338,,1.026242009,0.5902217012,294.1906795,-0.3575534418,32.3561083,36.42325927,27.05989899,39.75401755,38,0.1821168624,female
S054,1.713126208,0.396502105,0.088225195,-0.2433016831,33.2858308,0.5334166681,7.06981452,0.07108592705,1,-0.126167959,-0.4573653644,355.2694726,0.788269793,8.968869916,22.18617965,24.46303377,30.75321664,34,-0.1895502037,female
S055,-1.634523979,-1.922629316,2.034369193,1.489588295,,,9.507966598,1.890985649,1,0.1637465417,-0.1938214091,417.6434146,1.958389706,43.92369155,53.44499946,33.29890526,47.06782347,42,0.5537839284,male
S056,0.452666953,-0.4766986476,-0.515498007,-0.7808702736,27.53461734,-0.4750754148,7.112641907,0.1030533962,1,-0.727338961,-1.003854013,315.2521267,0.03755416303,30.29312436,31.48428842,,34.29893397,47,1.018367761,male
S057,2.205501866,0.7376022186,2.659304033,2.0460442,32.72597812,0.4352448637,6.711413283,-0.1964340185,1,1.859439285,1.347631576,325.4893333,0.2296016569,20.98225514,23.73370959,27.26846686,28.42379158,36,-0.00371667066,female
S058,2.288859964,0.7953497052,,,23.38371138,-1.202948901,5.122415342,-1.382503147,1,0.9489369,0.5199482444,236.5420628,-1.439027404,37.75119879,27.37178201,33.17963414,32.50477358,27,-0.8399675692,female
S059,2.513996822,0.9513164079,0.338003978,-0.02089308942,26.78698862,-0.606174295,7.408907967,0.3241940397,1,1.544581369,1.061413052,320.2859977,0.1319883526,47.76057401,60.8660631,39.02391972,38.30685081,51,1.390034827,female
S060,3.234485982,1.450445336,,,29.80505957,-0.07694673629,7.512712849,0.4016766867,1,,,,,36.16125521,29.16369059,,,39,0.2750336289,female
S061,0.450534483,-0.4781759459,-1.131108229,-1.329023332,31.09335314,0.1489593043,7.330289252,0.2655109992,1,0.4954318963,0.1076939345,330.7072613,0.3274887112,27.2870407,25.20971944,,19.40383523,20,-1.490384935,non-binary
S062,1.67205259,0.3680477825,1.052758072,0.6155398812,29.4003664,-0.1479108666,3.47585256,-2.611540161,1,1.232017033,0.7772794839,242.6766587,-1.323943885,43.07787202,45.33942148,23.0694807,42.34405225,28,-0.7470508027,male
S063,1.633194887,0.341128566,0.810961197,0.4002385563,32.42449199,0.3823783901,5.805491306,-0.872637594,1,1.29719311,0.8365271627,294.3102257,-0.355310784,10.90415464,26.55173143,17.56523584,13.21943895,40,0.3679503954,male
S064,,,0.396701644,0.03137262022,33.24977857,0.5270948031,7.393216519,0.3124815372,1,0.8757913737,0.4534560156,360.5546186,0.8874178418,30.24721581,28.58060295,34.16039465,40.73050568,21,-1.397468168,non-binary
S065,0.859167251,-0.1950898889,-1.666729264,-1.805952235,,,9.761511012,2.080237753,1,1.650253025,1.157472842,334.6321882,0.4011193812,40.44655085,27.26585242,55.39615787,,43,0.6467006949,female
S066,1.356650781,0.1495487744,0.186131916,-0.1561233573,32.30384137,0.3612219527,5.620947338,-1.010385981,1,1.062580267,0.6232546408,316.5996883,0.06283408905,,,30.29258809,,26,-0.9328843357,female
S067,1.319338256,0.1237000016,-0.123758163,-0.4320563882,,,7.053183642,0.05867221055,1,0.2965106011,-0.07313353303,361.2321796,0.9001287196,35.50160705,30.46391459,40.94368583,24.73599505,52,1.482951593,male
S068,2.259062566,0.7747071416,-1.304417301,-1.483341591,35.18934875,0.8672041003,5.548637285,-1.064360074,1,2.559487861,1.984003921,301.3322674,-0.2235789966,49.44172408,31.12846276,48.83326478,47.0718555,34,-0.1895502037,male
S069,3.210733709,1.433990617,2.252497325,1.683814443,29.19804049,-0.1833893059,7.223205449,0.1855808812,1,0.9617129189,0.5315621601,308.46649,-0.08974272362,31.00141187,21.37945188,33.30462818,28.76246625,43,0.6467006949,female
S070,1.893549152,0.5214926193,0.465763137,0.09286651234,24.78876538,-0.9565685766,7.39040892,0.3103858732,1,0.1723500234,-0.1860004978,321.5835599,0.1563303027,40.93868995,30.43838587,32.33475131,26.82232691,31,-0.4683005032,male
S071,,,-0.048274434,-0.3648439941,39.67949004,1.654563494,7.350109067,0.2803050213,1,-0.020434019,-0.3612489553,432.3205712,2.233729578,51.24671286,32.44816881,37.15684405,29.20759671,32,-0.3753837367,female
S072,3.12293644,1.373167833,1.198262003,0.7450998233,26.54420609,-0.6487469193,,,1,0.04666503448,-0.3002532138,330.8878157,0.3308758678,29.81117332,27.98129941,39.1592801,30.02906939,32,-0.3753837367,male
S073,0.288070898,-0.5907248634,-1.213868449,-1.402714876,26.60706154,-0.6377250333,5.938349593,-0.7734687356,1,0.733010543,0.3236624911,282.0933844,-0.584495741,30.69571837,33.78867867,23.60356752,39.12815962,18,-1.676218468,male
S074,,,0.883798263,0.4650943027,34.11046208,0.6780181722,6.56941671,-0.3024239298,1,0.4296156875,0.04786435035,,,23.85629757,22.99907062,27.36494859,30.40842707,31,-0.4683005032,male
S075,-0.199665119,-0.928610801,,,27.80113954,-0.4283399668,6.35894592,-0.4595247674,1,-1.47394023,-1.68254463,267.6528565,-0.8553965162,31.23307564,32.50475627,26.48926946,,49,1.204201294,male
S076,0.043842941,-0.7599171915,0.856738458,0.4409996494,36.26235254,1.055358449,6.028746829,-0.7059939026,,0.8164700968,0.3995305861,332.0622692,0.3529083289,37.63739539,38.94988007,38.73884266,31.92250639,31,-0.4683005032,male
S077,0.554562138,-0.4061093351,0.854093379,0.4386444122,,,8.857081265,1.405148016,1,0.03319732056,-0.312495908,325.175417,0.223712664,40.53732009,34.87098157,29.72898972,40.20364547,52,1.482951593,male
S078,-2.117097777,-2.256939054,-1.194370502,-1.385353469,32.41084577,0.3799854863,6.034748346,-0.7015142149,1,-2.674203388,-2.773632173,320.791926,0.1414794433,21.93678035,12.94706418,23.7680446,13.2461602,31,-0.4683005032,male
S079,3.570331274,1.683106852,,,37.63680401,1.29637253,5.967211979,-0.7519251045,1,-0.30153189,-0.6167782392,379.0998467,1.23532179,33.02971015,6.914211928,26.01197366,21.22523011,55,1.761701893,female
S080,2.383848397,0.8611542688,0.594273702,0.2072951827,23.96394571,-1.101203115,,,1,0.9597968423,0.5298203693,286.6370206,-0.4992582369,19.45167225,34.3921485,,34.00043218,35,-0.09663343717,female
S081,0.072736821,-0.7399005526,0.012923826,-0.3103516998,31.11010158,0.1518961919,10.13020189,2.355438154,,0.1860717849,-0.1735268641,,,16.84630025,32.47962382,,27.02470305,42,0.5537839284,female
S082,3.848013105,1.875474819,1.283035272,0.8205838309,32.59367206,0.4120446099,5.661662624,-0.9799950396,1,1.8642441,1.351999346,305.3519831,-0.1481701131,,25.16107298,23.20291873,12.52968973,20,-1.490384935,female
S083,1.930075273,0.5467965997,0.01897622,-0.3049625134,28.27720486,-0.3448605228,6.76067173,-0.1596662404,1,0.7378171045,0.328031849,305.5190315,-0.1450363244,40.22467369,28.17664085,32.21519054,26.98015191,53,1.57586836,male
S084,1.038240113,-0.07103466282,-0.250804366,-0.5451811581,37.77310706,1.320273669,6.84046773,-0.1001044437,1,0.3681052144,-0.008051146568,401.985024,1.664642123,23.12504557,29.05399296,,23.50746869,23,-1.211634635,male
S085,2.728750662,1.10009013,1.566273968,1.072785877,36.44177596,1.086820872,5.105114732,-1.39541677,1,1.06508742,0.6255337442,331.2557555,0.3377783285,,16.91340326,8.384761869,13.22988499,25,-1.025801102,male
S086,2.15937606,0.7056479223,1.826358724,1.304371138,25.71204061,-0.7946695682,6.787541869,-0.1396096746,1,1.826496228,1.317685011,302.300434,-0.2054164272,15.1344028,33.03539562,26.39365665,16.37397486,47,1.018367761,female
S087,,,1.65437822,1.151235866,26.13782475,-0.7200070755,8.240622608,0.9450073421,,0.055997485,-0.2917696404,292.2832862,-0.3933356731,25.45177629,28.93171971,,25.58976294,48,1.111284527,non-binary
S088,4.37154538,2.238159114,1.704826572,1.196156202,18.51351164,-2.056952653,,,1,0.539660241,0.1478992808,218.0245435,-1.786411542,18.26374621,23.67378817,32.01443691,17.27234814,21,-1.397468168,male
S089,0.668374463,-0.3272642574,,,42.02211537,2.065349689,8.052407558,0.8045187646,1,,,443.7866316,2.448830068,46.76483467,49.74361236,50.22087914,43.09531523,30,-0.5612172697,female
S090,1.715958698,0.398464352,0.855703613,0.4400782004,41.11861395,1.906918075,6.877191902,-0.07269257248,1,-0.632918146,-0.9180216901,399.710355,1.62196989,32.53509621,,26.9323591,26.8886974,42,0.5537839284,male
S091,0.574273879,-0.3924537512,2.046950199,1.500790703,28.34715089,-0.3325952823,4.05725681,-2.177565003,1,3.324055057,2.67902629,250.5355967,-1.176512128,18.77710819,24.57507257,27.86580082,21.30674919,23,-1.211634635,male
S092,,,-0.008130807,-0.3290992142,26.19267712,-0.7103885518,8.046562707,0.8001560168,1,1.024615831,0.5887434401,281.7714412,-0.5905353171,,21.86425075,18.38098701,24.82267206,53,1.57586836,male
S093,-0.462397124,-1.110622067,-0.418011253,-0.6940658958,24.50982837,-1.005480996,7.403837387,0.3204092275,1,0.0601501371,-0.2879947125,274.2491481,-0.7316516971,35.01199437,38.64799144,28.31334655,32.18552036,21,-1.397468168,female
S094,-0.140158646,-0.8873868607,-1.531093563,-1.685179185,,,4.488829702,-1.855427843,1,-1.820609127,-1.997680617,190.9159895,-2.294961391,35.34062466,26.63516744,21.81946663,29.46686105,29,-0.6541340362,female
S095,-1.293065091,-1.686078902,0.993436494,0.5627186264,35.20119809,0.8692819172,7.533624853,0.4172859465,1,0.2567014668,-0.1093216391,372.8063516,1.11725736,,45.80057949,35.27116523,37.99774204,34,-0.1895502037,female
S096,1.503867027,0.2515348848,,,32.15658859,0.335400747,7.114062757,0.104113955,1,1.47859667,1.001430303,,,42.22408315,38.08471811,,50.60763842,46,0.9254509944,female
S097,2.427971742,0.8917213323,1.801655366,1.282374718,45.36282601,2.651153059,5.251041633,-1.28649316,1,0.5836151213,0.1878560369,350.427265,0.6974311626,12.52388111,20.46578011,9.308454843,17.69826714,42,0.5537839284,female
S098,0.294858436,-0.5860227017,0.28318847,-0.06970203908,,,7.98466272,0.753952267,1,,,282.1065632,-0.584248511,13.53613651,9.11193564,23.78402227,18.11593629,53,1.57586836,female
S099,,,1.453522963,0.9723898696,,,6.181547613,-0.591939448,1,1.593896845,1.106242805,282.6462352,-0.5741243944,19.1926535,25.59647726,35.90672363,32.85190551,30,-0.5612172697,female
S100,1.332229555,0.132630629,2.23075979,1.664458858,30.84695787,0.1057531741,3.691299755,-2.450724806,1,,,216.5702633,-1.813693483,15.72610407,9.537863935,14.42463598,8.949857112,21,-1.397468168,female
S101,2.408880293,0.8784954643,-0.356651603,-0.6394298963,,,,,2,0.1003149652,-0.2514832664,363.6817881,0.9460827775,31.49565304,47.69686601,42.58441528,33.90555529,47,1.018367761,male
S102,,,-1.970061552,-2.076046063,32.68445328,0.4279633625,5.938481033,-0.773370625,2,0.1554206549,-0.2013899755,280.7936616,-0.6088782226,19.03432956,28.64851936,22.53979896,13.88934932,32,-0.3753837367,male
S103,0.92864191,-0.1469603486,-0.119877463,-0.4286009265,20.40988443,-1.724418144,7.62550503,0.4858676851,2,1.080546919,0.6395870509,258.5755766,-1.02568407,21.78697131,,,-9.148166742,35,-0.09663343717,female
S104,1.669449259,0.3662442886,1.689255135,1.182291048,23.34880193,-1.209070374,7.792712337,0.6106755404,2,0.020311071,-0.3242100278,293.2695997,-0.3748326725,17.75193663,22.5154189,32.9709666,28.72832942,37,0.08920009585,male
S105,3.118330608,1.369977078,-1.094600764,-1.296516271,29.40503199,-0.1470927404,8.024803161,0.7839141294,2,-0.281352764,-0.5984346011,274.1196512,-0.7340810282,41.52427824,37.93460057,32.80548301,22.00230635,23,-1.211634635,female
S106,-1.308963906,-1.697093028,-1.476759871,-1.636799255,35.32749209,0.8914279395,5.856568631,-0.8345121591,,-1.789218528,-1.969145299,308.7731902,-0.08398910322,24.56261296,30.96441451,,6.46127768,45,0.8325342279,female
S107,3.211717133,1.434671898,,,24.01731977,-1.091843818,6.221481702,-0.5621316121,2,,,256.1768922,-1.070682802,35.65147728,27.39376173,8.338990589,1.308660381,30,-0.5612172697,female
S108,0.579887659,-0.3885647267,,,42.83002814,2.207019552,6.856834603,-0.08788778665,2,-0.491038602,-0.7890474714,434.3073783,2.271001593,31.51144303,36.08317189,,27.46320004,34,-0.1895502037,female
S109,0.505016945,-0.4404324595,,,28.36593876,-0.329300775,,,2,,,312.6968468,-0.01038226442,16.36635808,16.76777491,4.431105753,14.11478745,45,0.8325342279,female
S110,1.052046028,-0.06147042239,-0.84746004,-1.076456664,35.34691917,0.894834534,5.371655963,-1.196463506,2,0.5152236434,0.1256854295,281.5623713,-0.5944574173,21.41717615,24.51666184,27.4377034,25.40631192,60,2.226285725,female
S111,1.532277301,0.2712164989,-1.302156579,-1.481328594,30.24186033,-0.0003524464178,6.549107486,-0.3175832595,2,-1.410236415,-1.624635297,315.806341,0.04795108681,34.87455659,49.03127553,49.3938982,30.53777801,42,0.5537839284,female
S112,2.565525767,0.9870138042,2.845892725,2.212186929,26.17953436,-0.7126931741,8.175089594,0.8960918074,2,1.282629972,0.8232886837,323.8585999,0.199009497,40.41840775,15.39419733,18.14475284,25.922398,46,0.9254509944,male
S113,-0.634915948,-1.230136891,,,14.22244245,-2.80940417,7.217571286,0.1813753964,2,-0.258602414,-0.5777536168,199.4401068,-2.135051034,42.7911024,30.82812422,34.20829558,15.13635067,43,0.6467006949,male
S114,-0.111983383,-0.8678680538,1.076713942,0.6368707216,30.60979732,0.06416637977,,,2,-0.23767495,-0.5587297094,364.9328297,0.9695520121,20.17831767,23.15535773,7.601575691,7.965025884,42,0.5537839284,female
S115,0.186514109,-0.6610797474,-0.237698879,-0.5335117405,36.49630773,1.096383176,6.143910383,-0.6200328494,2,0.838928353,0.4199460454,345.7309467,0.6093293791,19.63975272,44.17820128,24.68726112,22.84483638,42,0.5537839284,female
S116,0.025806226,-0.7724123778,-0.419906819,-0.69575375,37.10263748,1.202704868,6.278372546,-0.5196668158,,0.5849434316,0.1890635245,343.1104923,0.560170295,21.67329565,21.62423784,15.83963699,16.01099178,19,-1.583301701,male
S117,1.276235398,0.09383989472,1.870390773,1.343578256,32.39969507,0.3780301785,,,2,0.911935322,0.48631232,315.0804222,0.03433302771,27.65927628,24.68353046,24.70630974,10.51134398,21,-1.397468168,male
S118,2.682137853,1.067798455,0.592506568,0.2057216873,32.89453304,0.4648014626,8.555922158,1.180355075,2,-0.108398173,-0.4412119134,384.2676979,1.332269415,42.63046568,38.64277043,28.30989827,16.39346016,38,0.1821168624,female
S119,3.4059983,1.56926289,2.247897338,1.679718512,,,6.984243324,0.007213375263,2,-0.184765721,-0.5106330897,,,21.08147857,48.93065733,13.02296087,10.78918233,26,-0.9328843357,male
S120,-0.597778548,-1.204409439,-2.157682812,-2.243108213,21.93972391,-1.456156321,8.531080629,1.161812716,2,-1.276141335,-1.50273747,287.8905848,-0.4757416788,39.39601832,38.55863655,42.74673178,22.29389241,56,1.854618659,female
S121,2.838980699,1.176453527,0.423015971,0.05480348329,33.76990774,0.6183009727,5.292381547,-1.255635979,2,,,308.4982527,-0.08914686368,44.1201822,38.0808855,27.58984425,18.87338111,34,-0.1895502037,female
S122,2.826718419,1.167958662,0.937581591,0.5129841763,33.97439557,0.6541585116,9.817761257,2.122224389,2,0.6626816672,0.2597307109,434.7560469,2.279418506,43.54327989,36.77865189,41.68255878,31.1000516,39,0.2750336289,female
S123,1.39160983,0.1737671438,,,,,8.348505203,1.025533699,2,0.882960209,0.4599727756,,,31.57222495,20.19113372,37.8664444,18.96486728,22,-1.304551402,male
S124,,,0.94549079,0.5200267033,31.22371248,0.171818195,7.528679965,0.4135949541,2,1.853722471,1.342434762,301.4044828,-0.2222242529,44.84661476,49.50827485,50.36736753,41.29554187,36,-0.00371667066,male
S125,3.649800985,1.738160605,1.465045405,0.9826497087,,,6.277752931,-0.5201293124,2,1.689753273,1.193380158,296.4364426,-0.3154234739,30.32086573,,20.67762841,9.29520509,40,0.3679503954,non-binary
S126,0.309068375,-0.576178568,-1.513769979,-1.66975388,,,6.789935573,-0.1378229518,2,-1.075489638,-1.320336998,339.4510775,0.4915205668,21.13421455,26.53491598,33.87320301,5.448758546,38,0.1821168624,male
S127,0.006515935,-0.7857759963,0.317527034,-0.03912621661,18.99418503,-1.97266517,8.235708009,0.9413389584,2,-0.108283216,-0.4411074128,264.9360693,-0.9063627808,41.60960377,38.86066317,23.89661776,26.53108999,30,-0.5612172697,female
S128,2.61128212,1.018712157,1.097694443,0.6555522272,25.81166745,-0.7771997108,6.990381691,0.01179521096,2,-0.941536489,-1.198568191,255.1306866,-1.090309364,27.50105818,24.92548456,33.92246912,15.42773296,46,0.9254509944,male
S129,0.657291503,-0.3349421328,-0.620452465,-0.8743240615,34.81450368,0.8014739234,5.835005544,-0.8506074041,2,-0.228180696,-0.5500990502,345.0392084,0.5963525371,45.39334294,29.71398701,28.92767038,8.902978621,42,0.5537839284,female
S130,0.456700547,-0.473904319,0.985720231,0.5558478939,40.16394001,1.73951321,6.095954668,-0.6558282345,2,-0.100418767,-0.433958312,349.8439909,0.6864890828,33.33276193,27.12699589,35.05993527,21.84590895,44,0.7396174614,female
S131,0.137803682,-0.694824576,,,35.47737636,0.9177105831,5.824191593,-0.8586792166,2,0.8845596783,0.4614267576,307.4300884,-0.1091853654,28.78064999,40.04270196,29.029768,25.5004272,62,2.412119259,female
S132,2.147016509,0.6970856708,0.447018386,0.0761757684,,,7.868908181,0.6675500873,2,1.090601075,0.6487266842,303.4673617,-0.1835251488,27.61000853,47.13264354,11.75644496,13.6590674,53,1.57586836,male
S133,,,0.962007854,0.5347338651,24.14905675,-1.068743354,6.46424513,-0.3809267158,2,1.675354653,1.180291233,245.6173021,-1.268778132,18.26970869,30.80034524,26.7246288,19.88332044,27,-0.8399675692,male
S134,3.341987299,1.524918375,1.261371576,0.8012939933,,,,,2,,,331.0493019,0.3339053093,39.86897333,46.3032134,37.82028503,,28,-0.7470508027,female
S135,3.008490119,1.293883545,2.133193925,1.577584038,34.05882244,0.6689630097,,,2,1.357637418,0.8914734724,329.0130003,0.2957047896,37.87226239,21.76036961,29.0912787,,29,-0.6541340362,male
S136,2.089342501,0.6571311962,,,30.58484712,0.05979128886,8.803019242,1.364794724,2,1.213218991,0.7601913075,368.8034,1.042162965,39.71900335,,20.74406189,15.70141971,23,-1.211634635,female
S137,2.277778023,0.7876725358,2.005817968,1.464165648,24.19875658,-1.060028344,6.51097772,-0.3460443027,2,2.630681404,2.048721719,264.345519,-0.9174413598,30.58189272,38.15392023,32.67810299,27.81739185,21,-1.397468168,male
S138,2.167039115,0.7109566107,1.580403931,1.08536751,25.11832827,-0.8987787619,8.463387566,1.111284864,,0.2065059539,-0.1549513816,318.8636193,0.1053048805,49.00145245,36.43048105,43.27677542,25.3635628,45,0.8325342279,male
S139,1.439333713,0.2068285303,2.015260026,1.472573066,28.9159929,-0.2328471743,,,2,1.312164211,0.8501364965,318.6350857,0.1010176459,,32.21530394,33.79797028,21.10424309,24,-1.118717869,female
S140,2.098993733,0.663817222,1.077116848,0.6372294781,23.76599646,-1.135914095,6.757733022,-0.1618597679,2,-0.205172669,-0.5291838271,283.896034,-0.5506784759,20.29981937,,19.64010367,4.868233752,37,0.08920009585,male
S141,-1.576046255,-1.882118056,-1.878741113,-1.994732309,24.81354614,-0.9522231982,9.322364539,1.752447476,2,-0.84723442,-1.112843813,310.4582952,-0.05237694467,26.4800868,17.31615046,2.150123947,19.84337188,41,0.4608671619,female
S142,1.132940574,-0.005429595869,0.994755475,0.5638930765,32.35533328,0.3702512086,6.083903505,-0.664823534,2,-0.021169034,-0.3619171135,288.2212727,-0.4695380545,26.58551204,22.11985261,29.71425033,19.69887405,29,-0.6541340362,female
S143,-0.610590176,-1.213284873,-1.168450873,-1.362274054,24.74851709,-0.9636262319,7.3501603,0.2803432631,2,-0.520840428,-0.8161385313,287.272462,-0.4873375099,23.08145924,47.86651493,32.89995267,41.1396558,33,-0.2824669702,female
S144,1.308221922,0.1159990059,0.258011999,-0.09211972982,32.7604302,0.4412861372,5.9082581,-0.7959298035,2,1.071432831,0.6313019779,298.4632257,-0.2774015176,18.86097218,25.9365355,22.32123131,24.95349294,37,0.08920009585,male
S145,1.554346755,0.2865054214,,,34.75869398,0.7916875295,5.427216679,-1.154991552,,0.776944328,0.3636000707,285.467778,-0.5211929425,26.86232649,33.87707731,26.39010289,11.46719011,56,1.854618659,female
S146,0.233295222,-0.628671478,0.247117076,-0.101820812,30.3483946,0.01832864908,7.744135655,0.5744166496,2,,,339.9595559,0.5010594973,16.64983824,26.18078271,26.64654084,9.152017645,33,-0.2824669702,female
S147,-0.14022641,-0.8874338052,,,28.95741797,-0.2255831664,5.380795708,-1.189641364,2,0.1952760607,-0.1651598067,281.8129973,-0.589755734,31.27379372,22.74286926,20.83112935,16.89597477,48,1.111284527,male
S148,4.228469761,2.139041481,0.837363037,0.4237473429,31.29545936,0.1843992212,8.99913905,1.511183618,2,0.7841999142,0.3701956908,360.3979509,0.884478794,45.72641716,43.31210422,31.15520006,34.86069914,20,-1.490384935,female
S149,,,1.550568831,1.058801673,32.15247074,0.3346786699,6.144839653,-0.6193392183,2,,,,,33.94986889,45.80212969,,,41,0.4608671619,female
S150,1.927594775,0.5450782001,,,24.53546291,-1.000985905,5.638019513,-0.9976428691,2,-0.875039947,-1.138120157,250.017913,-1.186223747,17.41450942,28.65833599,21.43247485,12.61459214,31,-0.4683005032,male
S151,2.420253438,0.8863743694,0.919879143,0.4972215222,32.99695035,0.482760636,6.516776611,-0.3417158603,2,1.28146155,0.8222265412,327.7577233,0.2721560984,,,,,45,0.8325342279,female
S152,0.532749242,-0.4212205234,-0.868985197,-1.095623144,24.29861461,-1.042517947,9.132078592,1.610413127,2,0.3566374445,-0.01847581115,284.2521767,-0.5439973259,33.0689148,25.88283282,24.52533268,6.878537915,21,-1.397468168,female
S153,-0.112552171,-0.8682620896,1.378014748,0.9051556725,38.29050548,1.411000993,4.688600962,-1.706313412,2,-0.046701094,-0.3851267842,312.8005633,-0.008436567715,36.9095526,27.25756634,13.83765837,20.47645113,48,1.111284527,female
S154,1.02092699,-0.08302857058,-1.248058491,-1.433158451,24.66509137,-0.9782551754,5.573965264,-1.045454615,,-1.55712435,-1.758162345,224.2032052,-1.670501358,30.28595321,32.56593528,13.67036133,,24,-1.118717869,female
S155,0.279432108,-0.5967095059,-1.394170655,-1.563259977,20.11398972,-1.776304145,7.184245303,0.1565000211,2,1.372934082,0.905378756,242.7319137,-1.322907313,28.23453048,39.56424689,32.78098212,24.24487124,44,0.7396174614,female
S156,0.3748957,-0.5305757692,1.068415855,0.6294819201,24.0825819,-1.080399913,6.60904344,-0.2728455146,2,,,243.7235888,-1.304303731,28.76137043,32.64679402,26.25020876,30.7347154,30,-0.5612172697,male
S157,0.613666226,-0.3651641527,1.128174685,0.6826925138,,,7.379700582,0.3023928926,,1.501666292,1.022401519,,,33.35474287,23.72264025,17.45269696,21.99402751,30,-0.5612172697,male
S158,2.614912812,1.021227369,1.761619628,1.246726005,27.00626338,-0.5677238248,,,,-1.601018745,-1.798064118,298.6092514,-0.2746621126,40.98359208,46.59087514,,27.2807583,55,1.761701893,male
S159,0.944603085,-0.1359030217,-0.474214257,-0.7441103028,33.29296514,0.5346676955,4.802120415,-1.621579558,,,,310.8920746,-0.04423934948,24.02057636,32.04983393,20.61575188,8.420296941,45,0.8325342279,female
S160,2.618453658,1.02368034,1.637201039,1.135940921,24.6930248,-0.9733569667,7.793726809,0.6114327686,2,1.55232038,1.068448124,267.153782,-0.864759031,32.63603271,20.05190943,24.17995427,25.15648474,31,-0.4683005032,male
S161,-3.045418932,-2.900046499,-1.45083465,-1.613714861,25.54401654,-0.824133079,8.296768981,0.9869164464,2,-2.20507114,-2.347172069,322.8184494,0.1794965277,33.04277504,33.52519639,,14.42223143,27,-0.8399675692,male
S162,5.419066321,2.963843876,2.077181126,1.527708994,25.21858066,-0.8811992118,5.76978541,-0.8992893981,2,1.779163328,1.274657499,239.121987,-1.390628657,20.08218382,29.54482056,13.43498955,20.52691189,26,-0.9328843357,male
S163,-1.014314065,-1.492970236,-1.944212106,-2.05302914,32.91026671,0.4675604071,6.541971874,-0.3229094652,,0.1552110522,-0.2015805127,323.5722791,0.1936381888,41.36582775,46.8520241,46.07959527,33.54287988,31,-0.4683005032,non-binary
S164,-0.032068772,-0.8125060909,-0.397730952,-0.6760078639,41.53832552,1.980515725,5.001176861,-1.472998683,2,0.1956326825,-0.1648356231,,,41.16165522,18.70366686,32.73012279,21.85387541,37,0.08920009585,male
S165,2.839554417,1.176850979,-1.047683205,-1.254739831,26.21302092,-0.706821207,7.837075016,0.6437889908,2,0.3699507749,-0.006373457743,314.9638766,0.03214666139,40.50239414,33.6431617,28.14363155,,29,-0.6541340362,male
S166,-0.466202353,-1.113258192,0.719988272,0.3192342369,22.6265452,-1.335720202,8.209155185,0.9215192446,2,-1.001770762,-1.253323571,310.8118007,-0.04574526913,18.32412047,38.74186536,26.77584709,22.25045714,34,-0.1895502037,male
S167,0.098224294,-0.7222437498,-0.854035685,-1.082311765,32.48923453,0.3937311835,9.491435011,1.878646046,2,1.095826326,0.6534766472,382.5669928,1.300364604,45.02194351,44.01420065,32.60423872,,42,0.5537839284,female
S168,2.188281759,0.725672749,-0.078010814,-0.3913219294,40.28798339,1.76126458,8.041769919,0.7965785563,2,0.2897166318,-0.07930952465,446.7359993,2.504159486,37.13692005,41.60589658,15.74760629,24.33464838,23,-1.211634635,male
S169,,,0.769863526,0.3636442743,41.95464889,2.053519244,4.268317529,-2.020023828,2,-0.374940825,-0.6835099171,304.953904,-0.1556379798,24.93979482,26.87260209,10.14174144,-1.158557674,23,-1.211634635,female
S170,,,0.555994745,0.1732107465,24.52007946,-1.003683438,9.584896151,1.948407856,2,-0.158775193,-0.4870066531,374.0462948,1.140518391,12.30100176,25.13068297,22.36180288,12.13691382,52,1.482951593,female
S171,0.678709203,-0.320104722,1.211090746,0.7565228219,30.22856551,-0.002683732492,6.569491662,-0.3023679837,2,1.877255369,1.363827114,329.7188819,0.3089469549,49.22539503,41.19293035,44.31798887,29.84431955,49,1.204201294,female
S172,2.157458128,0.7043192482,1.327383493,0.860072475,28.79932856,-0.2533046078,6.594298543,-0.283851487,2,1.100279221,0.6575245082,,,43.77241649,13.12561447,20.75863113,25.64862471,30,-0.5612172697,male
S173,1.260396948,0.08286758728,0.828214339,0.4156011383,44.25297026,2.456536611,6.161229309,-0.6071055552,,0.5638930303,0.169927862,,,40.41753543,38.97437408,24.93733061,35.26308727,43,0.6467006949,female
S174,,,1.173376694,0.7229413897,32.66994434,0.4254191771,7.63098281,0.489956442,2,1.472636118,0.9960119222,323.6352006,0.1948185802,25.0169736,25.03845779,25.02756813,6.863884388,51,1.390034827,female
S175,,,-0.016045548,-0.3361466759,32.98034943,0.4798496162,,,2,0.9364288302,0.5085779053,358.2952744,0.8450330966,23.87770027,27.38166334,18.20495094,11.65410266,30,-0.5612172697,female
S176,,,0.480699522,0.1061662023,35.43586628,0.9104316692,7.096759784,0.09119856876,2,-0.995058046,-1.247221442,327.9972798,0.2766501202,27.66800744,,13.04684675,8.627936872,39,0.2750336289,female
S177,1.191636121,0.03523256406,1.233203697,0.7762126862,36.33846751,1.068705433,5.96166574,-0.7560649606,2,1.4599759,0.9845032742,317.8075858,0.08549395021,37.28459508,,27.91772088,27.12191009,27,-0.8399675692,female
S178,,,-0.415991547,-0.6922675046,27.97731332,-0.3974473803,8.495934324,1.135578605,2,-2.127806663,-2.276935548,311.5681583,-0.03155618416,31.57170847,29.31585923,17.78410688,15.46092692,43,0.6467006949,male
S179,,,0.499382701,0.1228021212,21.41721515,-1.54777976,8.217918702,0.9280605599,2,0.6406415194,0.2396953291,275.5661239,-0.706945553,17.33314505,25.02729199,30.99591525,16.73543675,25,-1.025801102,female
S180,0.736801272,-0.2798606298,-1.097103663,-1.298744908,31.66986003,0.2500514719,7.401220137,0.3184556447,2,-0.635253595,-0.9201447073,312.8317437,-0.007851631709,37.13106885,35.70865963,25.93642987,21.96049634,25,-1.025801102,female
S181,0.580200409,-0.3883480648,-1.173524658,-1.366791865,33.57145944,0.5835024847,4.720635252,-1.68240219,2,-0.184213355,-0.5101309667,314.2668288,0.01907021446,,18.18545263,28.16971769,23.43043465,25,-1.025801102,female
S182,1.491650659,0.2430718253,-0.574138422,-0.8330850057,30.02693898,-0.03803953306,6.100947169,-0.6521017027,2,0.5308201924,0.1398633207,297.6682114,-0.2923157921,17.66973698,28.25167694,18.38181823,27.99197449,43,0.6467006949,female
S183,-0.866012034,-1.390231933,-0.594615607,-0.8513183475,28.81966145,-0.2497391761,6.086036807,-0.6632311818,2,,,,,16.87342244,29.66261258,19.18822694,14.20077276,38,0.1821168624,female
S184,-0.580433373,-1.192393327,-0.576784679,-0.8354412919,36.97552084,1.180414595,4.589885013,-1.779997548,2,-1.055669592,-1.302319778,281.4595052,-0.5963871596,37.76994879,47.69941962,35.91915197,17.9378196,58,2.040452192,female
S185,1.572695192,0.2992165574,1.113271571,0.669422449,34.89632688,0.81582186,6.526845301,-0.3342003303,2,1.772024712,1.268168209,322.1896811,0.1677009882,29.92824975,,26.58884298,6.667302456,44,0.7396174614,non-binary
S186,1.931800416,0.5479917166,0.37930058,0.01587832512,,,6.868770767,-0.07897832581,2,0.380105394,0.0028574999,,,31.11300391,,22.24040387,5.231451839,29,-0.6541340362,male
S187,1.877071733,0.5100776571,1.290932894,0.8276160495,,,7.1087038,0.1001138913,2,-0.092547873,-0.4268033524,,,39.00639003,44.50441287,40.46770189,14.81810573,33,-0.2824669702,female
S188,0.727480935,-0.2863174235,-0.435067751,-0.7092533816,33.45685737,0.5634066754,6.366835157,-0.4536360371,2,,,341.0361917,0.5212569212,,36.05537702,32.32052581,26.81576065,30,-0.5612172697,female
S189,-1.453903317,-1.797501829,-1.065403077,-1.270518,29.38082411,-0.1513376637,5.762740156,-0.9045481579,2,-0.689587264,-0.9695362003,258.8571158,-1.020402463,37.16191434,24.50215783,4.049925031,9.764810942,29,-0.6541340362,male
S190,-0.822156969,-1.359850724,-0.167108544,-0.4706565334,29.63496602,-0.106773138,,,,-1.591479572,-1.789392625,306.8346561,-0.1203555287,25.40144845,,13.6297696,,35,-0.09663343717,female
S191,2.175046858,0.7165040865,2.388545553,1.804954817,29.04228636,-0.2107012477,6.877858295,-0.07219515982,2,0.8297917369,0.4116404934,314.5911956,0.02515525671,31.24848069,41.15195263,15.83710998,22.81378154,26,-0.9328843357,male
S192,2.224207507,0.7505608127,0.127657296,-0.2081904618,27.82102181,-0.4248535533,9.174188296,1.641844899,2,-0.742031556,-1.017210174,351.2473122,0.7128150473,36.50745567,39.20419715,,23.89004441,18,-1.676218468,female
S193,-0.176342115,-0.9124534642,,,32.8996337,0.4656958784,7.788991571,0.6078982642,,-0.650952625,-0.9344157577,349.5569122,0.6811035566,30.00114512,13.50789797,16.62843666,17.42402698,41,0.4608671619,male
S194,0.656446245,-0.335527697,0.818024347,0.4065277424,34.21267826,0.6959420772,,,2,-0.703375824,-0.9820705565,280.1745521,-0.6204925666,27.10509607,42.53610716,28.73474512,18.74905626,47,1.018367761,female
S195,-0.301609021,-0.9992338628,0.273246667,-0.07855444199,24.39858431,-1.024987967,,,,-0.871714078,-1.135096808,345.552469,0.6059811806,48.14370862,37.23580969,18.20069204,25.6186721,48,1.111284527,male
S196,-1.212592481,-1.630330378,0.08277265,-0.2481567507,21.84169803,-1.473345445,9.664217128,2.007615083,2,0.187093534,-0.172598053,309.8436553,-0.06390743861,19.21249946,38.11498527,,22.01823318,20,-1.490384935,female
S197,1.008729308,-0.09147868513,,,26.75456285,-0.6118602476,6.286916966,-0.5132890396,2,0.1211101365,-0.2325796183,276.7392464,-0.6849380621,49.40579386,39.26029686,38.50166938,39.86823432,41,0.4608671619,female
S198,0.096568574,-0.7233907729,-0.299354023,-0.5884108544,31.08648269,0.1477545511,9.263696405,1.708656064,1,-0.292958473,-0.6089846579,376.8608252,1.193318293,44.01666043,33.30525516,33.25685442,8.762991594,39,0.2750336289,female
S199,0.052839882,-0.753684435,2.115379083,1.561721306,28.64986494,-0.2795134886,8.545217633,1.172364941,2,0.6817249698,0.2770418398,375.0525143,1.159394823,25.60257813,16.08151286,11.15156149,16.58361551,31,-0.4683005032,female
S200,0.073149544,-0.739614633,-0.801436253,-1.035476059,33.81337593,0.625923247,4.901626164,-1.547305896,2,-0.447463931,-0.7494363408,273.2179513,-0.7509966974,25.87112147,14.14953864,18.1424503,11.08167425,24,-1.118717869,female